{
  "evaluated_at": "2026-03-01T11:31:22.894647+00:00",
  "test_samples": 8157,
  "default_threshold_metrics": {
    "roc_auc": 0.715748,
    "pr_auc": 0.104958,
    "f1": 0.067039,
    "precision": 0.222222,
    "recall": 0.039474,
    "specificity": 0.997377,
    "threshold_used": 0.5,
    "confusion_matrix": {
      "tp": 6,
      "tn": 7984,
      "fp": 21,
      "fn": 146
    },
    "support_fraud": 152,
    "support_legit": 8005,
    "class_imbalance_ratio": 52.66
  },
  "optimal_threshold_metrics": {
    "roc_auc": 0.715748,
    "pr_auc": 0.104958,
    "f1": 0.195556,
    "precision": 0.30137,
    "recall": 0.144737,
    "specificity": 0.993629,
    "threshold_used": 0.3720994727054105,
    "confusion_matrix": {
      "tp": 22,
      "tn": 7954,
      "fp": 51,
      "fn": 130
    },
    "support_fraud": 152,
    "support_legit": 8005,
    "class_imbalance_ratio": 52.66,
    "optimised_for": "recall",
    "optimal_threshold": 0.3720994727054105
  },
  "oob_score": null,
  "roc_curve": {
    "fpr": [
      0.0,
      0.000125,
      0.000125,
      0.00075,
      0.00075,
      0.001249,
      0.001249,
      0.001499,
      0.001499,
      0.001874,
      0.001874,
      0.002623,
      0.002623,
      0.002748,
      0.002748,
      0.002873,
      0.002873,
      0.002998,
      0.002998,
      0.003123,
      0.003123,
      0.004122,
      0.004122,
      0.004247,
      0.004247,
      0.004497,
      0.004497,
      0.005122,
      0.005122,
      0.005247,
      0.005247,
      0.005497,
      0.005497,
      0.005996,
      0.005996,
      0.006371,
      0.006371,
      0.006871,
      0.006871,
      0.00812,
      0.00812,
      0.008745,
      0.008745,
      0.009369,
      0.009369,
      0.009869,
      0.009869,
      0.010119,
      0.010119,
      0.013117,
      0.013117,
      0.014116,
      0.014116,
      0.014491,
      0.014491,
      0.016365,
      0.016365,
      0.019363,
      0.019363,
      0.020987,
      0.020987,
      0.027483,
      0.027483,
      0.027983,
      0.027983,
      0.030981,
      0.030981,
      0.03123,
      0.03123,
      0.034728,
      0.034728,
      0.035228,
      0.035228,
      0.040475,
      0.040475,
      0.040725,
      0.040725,
      0.044972,
      0.044972,
      0.045846,
      0.045846,
      0.04722,
      0.04722,
      0.050593,
      0.050593,
      0.050968,
      0.050968,
      0.05659,
      0.05659,
      0.058463,
      0.058463,
      0.058588,
      0.058588,
      0.059713,
      0.059713,
      0.060212,
      0.060212,
      0.062961,
      0.062961,
      0.066458,
      0.066458,
      0.069332,
      0.069332,
      0.07158,
      0.07158,
      0.073204,
      0.073204,
      0.074453,
      0.074453,
      0.082823,
      0.082823,
      0.084197,
      0.084197,
      0.088695,
      0.088695,
      0.091693,
      0.091693,
      0.09619,
      0.09619,
      0.101936,
      0.101936,
      0.105684,
      0.105684,
      0.107308,
      0.107308,
      0.107433,
      0.107433,
      0.118551,
      0.118551,
      0.1193,
      0.1193,
      0.122798,
      0.122798,
      0.132917,
      0.132917,
      0.136914,
      0.136914,
      0.139663,
      0.139663,
      0.140287,
      0.140287,
      0.163523,
      0.163523,
      0.16777,
      0.16777,
      0.177264,
      0.177264,
      0.183136,
      0.183136,
      0.193629,
      0.193629,
      0.213616,
      0.213616,
      0.215365,
      0.215365,
      0.216615,
      0.216615,
      0.216989,
      0.216989,
      0.221362,
      0.221362,
      0.230356,
      0.230356,
      0.249594,
      0.249594,
      0.250593,
      0.250593,
      0.262586,
      0.262586,
      0.267583,
      0.267583,
      0.275453,
      0.275453,
      0.2797,
      0.2797,
      0.281699,
      0.281699,
      0.289569,
      0.289569,
      0.293442,
      0.293442,
      0.29569,
      0.29569,
      0.304185,
      0.304185,
      0.315678,
      0.315678,
      0.339413,
      0.339413,
      0.340912,
      0.340912,
      0.349032,
      0.349032,
      0.358026,
      0.358026,
      0.364272,
      0.364272,
      0.370893,
      0.370893,
      0.442723,
      0.442723,
      0.478201,
      0.478201,
      0.496814,
      0.496814,
      0.497439,
      0.497439,
      0.501437,
      0.501437,
      0.502061,
      0.502061,
      0.506309,
      0.506309,
      0.506808,
      0.506808,
      0.518926,
      0.518926,
      0.531793,
      0.531793,
      0.549906,
      0.549906,
      0.558526,
      0.558526,
      0.578888,
      0.578888,
      0.594628,
      0.594628,
      0.6,
      0.6,
      0.601499,
      0.601499,
      0.617114,
      0.617114,
      0.645971,
      0.645971,
      0.674453,
      0.674453,
      0.69619,
      0.69619,
      0.699313,
      0.699313,
      0.701187,
      0.701187,
      0.704185,
      0.704185,
      0.709432,
      0.709432,
      0.716552,
      0.716552,
      0.761774,
      0.761774,
      0.808745,
      0.808745,
      0.83173,
      0.83173,
      0.845097,
      0.845097,
      0.852092,
      0.852092,
      0.865709,
      0.865709,
      0.869457,
      0.869457,
      0.872829,
      0.872829,
      0.882324,
      0.882324,
      0.901562,
      0.901562,
      0.911056,
      0.911056,
      0.911555,
      0.911555,
      0.928295,
      0.928295,
      0.934166,
      0.934166,
      0.934916,
      0.934916,
      0.942536,
      0.942536,
      0.94466,
      0.94466,
      0.956652,
      0.956652,
      0.972642,
      0.972642,
      1.0
    ],